{"_timestamp":1.750693384899496e+09,"_runtime":6.419734886,"_step":8,"_wandb":{"runtime":7},"loss":1.6115984916687012,"epoch":8}