{"_wandb":{"runtime":4851},"loss":1.4259976148605347,"epoch":9999,"_timestamp":1.7504251658877861e+09,"_runtime":4851.021678721,"_step":9999}