{"_step":253,"Validation loss":1.6090937852859497,"_wandb":{"runtime":109},"loss":1.5957552194595337,"epoch":252,"_timestamp":1.7509508932338798e+09,"_runtime":109.698000656}