{"_step":3725,"loss":1.3991999626159668,"epoch":3725,"_wandb":{"runtime":1924},"_timestamp":1.7504274362930686e+09,"_runtime":1924.318385444}