{"_runtime":323.117992729,"_step":536,"_wandb":{"runtime":323},"loss":1.56876802444458,"epoch":536,"_timestamp":1.7507800594958198e+09}